type,value
variable 1,3
variable 1,10
variable 1,6
variable 1,0
variable 1,3
variable 2,5.42773821475495
variable 2,4.13258446876803
variable 2,3.25668226137345
variable 2,3.84910425462503
variable 2,4.31741287351839
variable 2,4.38739169013066
variable 2,5.77047494483057
variable 2,4.48752581901282
